Time	Unique slot ID
2017-05-05 22:08:10 PDT	1
2017-05-05 22:08:14 PDT	2
2017-05-05 22:08:17 PDT	3
2017-05-05 22:08:20 PDT	4
2017-05-05 22:08:24 PDT	5
2017-05-05 22:08:27 PDT	6
2017-05-05 22:08:30 PDT	7
2017-05-05 22:08:33 PDT	8
2017-05-05 22:38:41 PDT	9
2017-05-05 22:38:44 PDT	10
2017-05-05 22:38:47 PDT	11
2017-05-05 22:38:51 PDT	12
2017-05-05 22:38:55 PDT	13
2017-05-05 22:38:59 PDT	14
2017-05-05 22:39:02 PDT	15
2017-05-05 22:39:05 PDT	16
2017-05-05 22:40:58 PDT	14
2017-05-05 22:42:11 PDT	13
2017-05-06 04:11:53 PDT	17
2017-05-06 04:11:54 PDT	18
2017-05-06 04:11:56 PDT	19
2017-05-06 04:11:57 PDT	20
2017-05-06 04:11:59 PDT	21
2017-05-06 04:12:01 PDT	22
2017-05-06 04:12:02 PDT	23
2017-05-06 04:12:04 PDT	24
2017-05-06 04:31:59 PDT	25
2017-05-06 04:33:52 PDT	26
2017-05-06 04:33:53 PDT	27
2017-05-06 04:35:41 PDT	28
2017-05-06 04:35:43 PDT	29
2017-05-06 04:35:44 PDT	30
2017-05-06 04:40:36 PDT	31
2017-05-06 05:00:38 PDT	32
2017-05-06 05:00:41 PDT	33
2017-05-06 05:00:43 PDT	34
2017-05-06 05:00:45 PDT	35
2017-05-06 05:00:51 PDT	36
2017-05-06 05:00:58 PDT	37
2017-05-06 05:01:22 PDT	38
2017-05-06 05:01:24 PDT	39
2017-05-06 05:01:26 PDT	40
2017-05-06 05:01:28 PDT	41
2017-05-06 05:01:29 PDT	42
2017-05-06 05:01:31 PDT	43
2017-05-06 05:01:32 PDT	44
2017-05-06 05:01:34 PDT	45
2017-05-06 05:01:50 PDT	46
2017-05-06 05:01:52 PDT	47
2017-05-06 05:02:17 PDT	48
2017-05-06 05:06:51 PDT	49
2017-05-06 05:06:53 PDT	50
2017-05-06 05:06:54 PDT	51
2017-05-06 05:06:55 PDT	52
2017-05-06 05:07:24 PDT	53
2017-05-06 05:07:25 PDT	54
2017-05-06 05:07:26 PDT	55
2017-05-06 05:07:28 PDT	56
2017-05-06 05:07:29 PDT	57
2017-05-06 05:07:31 PDT	58
2017-05-06 05:07:35 PDT	59
2017-05-06 05:07:36 PDT	60
2017-05-06 05:08:22 PDT	61
2017-05-06 05:08:24 PDT	62
2017-05-06 05:09:12 PDT	63
2017-05-06 05:09:15 PDT	64
2017-05-06 05:09:16 PDT	65
2017-05-06 05:11:37 PDT	66
2017-05-06 05:11:42 PDT	67
2017-05-06 05:11:46 PDT	68
2017-05-06 05:11:51 PDT	69
2017-05-06 05:11:55 PDT	70
2017-05-06 05:12:00 PDT	71
2017-05-06 05:12:04 PDT	72
2017-05-06 05:12:07 PDT	73
2017-05-06 05:13:46 PDT	74
2017-05-06 05:13:48 PDT	75
2017-05-06 05:13:49 PDT	76
2017-05-06 05:13:50 PDT	77
2017-05-06 05:13:52 PDT	78
2017-05-06 05:13:54 PDT	79
2017-05-06 05:13:55 PDT	80
2017-05-06 05:14:02 PDT	81
2017-05-06 05:14:17 PDT	79
2017-05-06 05:16:16 PDT	82
2017-05-06 05:16:18 PDT	83
2017-05-06 05:16:20 PDT	84
2017-05-06 05:16:22 PDT	85
2017-05-06 05:16:24 PDT	86
2017-05-06 05:16:26 PDT	87
2017-05-06 05:16:28 PDT	88
2017-05-06 05:16:30 PDT	89
2017-05-06 05:18:11 PDT	90
2017-05-06 05:18:13 PDT	91
2017-05-06 05:18:16 PDT	92
2017-05-06 05:18:21 PDT	93
2017-05-06 05:18:52 PDT	94
2017-05-06 05:18:57 PDT	91
2017-05-06 05:19:00 PDT	95
2017-05-06 05:19:04 PDT	96
2017-05-06 05:19:06 PDT	97
2017-05-06 05:23:11 PDT	98
2017-05-06 05:23:12 PDT	99
2017-05-06 05:23:14 PDT	100
2017-05-06 05:23:15 PDT	101
2017-05-06 05:23:16 PDT	102
2017-05-06 05:23:18 PDT	103
2017-05-06 05:23:19 PDT	104
2017-05-06 05:23:20 PDT	105
2017-05-06 05:23:52 PDT	106
2017-05-06 05:23:53 PDT	107
2017-05-06 05:24:00 PDT	108
2017-05-06 05:24:02 PDT	109
2017-05-06 05:24:03 PDT	110
2017-05-06 05:24:06 PDT	111
2017-05-06 05:24:09 PDT	112
2017-05-06 05:24:11 PDT	113
2017-05-06 05:26:20 PDT	98
2017-05-06 05:27:51 PDT	98
2017-05-06 05:28:47 PDT	106
2017-05-06 05:29:52 PDT	114
2017-05-06 05:29:53 PDT	115
2017-05-06 05:29:55 PDT	116
2017-05-06 05:29:56 PDT	117
2017-05-06 05:30:03 PDT	118
2017-05-06 05:30:05 PDT	119
2017-05-06 05:30:06 PDT	120
2017-05-06 05:30:07 PDT	121
2017-05-06 05:31:01 PDT	122
2017-05-06 05:31:03 PDT	123
2017-05-06 05:31:04 PDT	124
2017-05-06 05:31:05 PDT	125
2017-05-06 05:31:06 PDT	126
2017-05-06 05:31:07 PDT	127
2017-05-06 05:31:08 PDT	128
2017-05-06 05:31:10 PDT	129
2017-05-06 05:32:07 PDT	130
2017-05-06 05:32:08 PDT	131
2017-05-06 05:32:09 PDT	132
2017-05-06 05:32:11 PDT	133
2017-05-06 05:32:12 PDT	134
2017-05-06 05:33:12 PDT	135
2017-05-06 05:33:17 PDT	136
2017-05-06 05:33:21 PDT	137
2017-05-06 05:37:01 PDT	138
2017-05-06 05:37:02 PDT	139
2017-05-06 05:37:03 PDT	140
2017-05-06 05:37:19 PDT	141
2017-05-06 05:37:22 PDT	142
2017-05-06 05:37:25 PDT	143
2017-05-06 05:37:27 PDT	144
2017-05-06 05:37:30 PDT	145
2017-05-06 05:38:30 PDT	146
2017-05-06 05:38:31 PDT	147
2017-05-06 05:38:33 PDT	148
2017-05-06 05:38:46 PDT	149
2017-05-06 05:38:49 PDT	150
2017-05-06 05:38:52 PDT	151
2017-05-06 05:38:55 PDT	152
2017-05-06 05:38:59 PDT	153
2017-05-06 05:40:23 PDT	154
2017-05-06 05:40:26 PDT	155
2017-05-06 05:40:29 PDT	156
2017-05-06 05:40:33 PDT	157
2017-05-06 05:42:42 PDT	158
2017-05-06 05:42:44 PDT	159
2017-05-06 05:42:48 PDT	160
2017-05-06 05:42:51 PDT	161
2017-05-06 05:42:54 PDT	162
2017-05-06 05:42:56 PDT	163
2017-05-06 05:42:58 PDT	164
2017-05-06 05:43:01 PDT	165
2017-05-06 05:43:04 PDT	158
2017-05-06 05:44:58 PDT	166
2017-05-06 05:45:02 PDT	167
2017-05-06 05:45:05 PDT	168
2017-05-06 05:45:07 PDT	169
2017-05-06 05:45:10 PDT	170
2017-05-06 05:45:12 PDT	171
2017-05-06 05:45:15 PDT	172
2017-05-06 05:45:17 PDT	173
2017-05-06 05:46:28 PDT	174
2017-05-06 05:46:31 PDT	175
2017-05-06 05:46:34 PDT	176
2017-05-06 05:46:37 PDT	177
2017-05-06 05:46:40 PDT	178
2017-05-06 05:46:45 PDT	179
2017-05-06 05:46:51 PDT	180
2017-05-06 05:46:56 PDT	181
2017-05-06 05:50:09 PDT	182
2017-05-06 05:50:12 PDT	183
2017-05-06 05:50:15 PDT	184
2017-05-06 05:50:19 PDT	185
2017-05-06 05:50:23 PDT	186
2017-05-06 05:50:26 PDT	187
2017-05-06 05:50:29 PDT	188
2017-05-06 05:50:32 PDT	189
2017-05-06 05:50:40 PDT	190
2017-05-06 05:50:43 PDT	191
2017-05-06 05:51:37 PDT	192
2017-05-06 05:51:40 PDT	193
2017-05-06 05:51:44 PDT	194
2017-05-06 05:51:46 PDT	195
2017-05-06 05:51:50 PDT	196
2017-05-06 05:51:53 PDT	197
2017-05-06 05:55:37 PDT	198
2017-05-06 05:55:39 PDT	199
2017-05-06 05:55:42 PDT	200
2017-05-06 05:55:58 PDT	201
2017-05-06 05:56:02 PDT	202
2017-05-06 05:56:06 PDT	203
2017-05-06 05:56:10 PDT	204
2017-05-06 05:56:12 PDT	205
2017-05-06 05:57:18 PDT	206
2017-05-06 05:57:22 PDT	207
2017-05-06 05:57:26 PDT	208
2017-05-06 05:57:29 PDT	209
2017-05-06 05:57:32 PDT	210
2017-05-06 05:57:35 PDT	211
2017-05-06 05:57:41 PDT	212
2017-05-06 05:57:44 PDT	213
2017-05-06 06:04:31 PDT	214
2017-05-06 06:04:34 PDT	215
2017-05-06 06:04:36 PDT	216
2017-05-06 06:04:40 PDT	217
2017-05-06 06:07:08 PDT	218
2017-05-06 06:07:10 PDT	219
2017-05-06 06:07:12 PDT	220
2017-05-06 06:07:14 PDT	221
2017-05-06 06:07:16 PDT	222
2017-05-06 06:07:17 PDT	223
2017-05-06 06:07:19 PDT	224
2017-05-06 06:07:20 PDT	225
2017-05-06 06:12:58 PDT	226
2017-05-06 06:13:00 PDT	227
2017-05-06 06:13:02 PDT	228
2017-05-06 06:13:03 PDT	229
2017-05-06 06:13:04 PDT	230
2017-05-06 06:13:06 PDT	231
2017-05-06 06:13:07 PDT	232
2017-05-06 06:13:09 PDT	233
2017-05-06 06:14:13 PDT	234
2017-05-06 06:14:17 PDT	235
2017-05-06 06:14:18 PDT	236
2017-05-06 06:14:20 PDT	237
2017-05-06 06:14:21 PDT	238
2017-05-06 06:14:23 PDT	239
2017-05-06 06:14:24 PDT	240
2017-05-06 06:14:25 PDT	241
2017-05-06 06:20:22 PDT	80
2017-05-06 06:20:27 PDT	78
2017-05-06 06:20:29 PDT	77
2017-05-06 06:20:35 PDT	76
2017-05-06 06:23:00 PDT	242
2017-05-06 06:23:01 PDT	243
2017-05-06 06:23:09 PDT	244
2017-05-06 06:23:11 PDT	245
2017-05-06 06:23:12 PDT	246
2017-05-06 06:23:13 PDT	247
2017-05-06 06:23:15 PDT	248
2017-05-06 06:23:16 PDT	249
2017-05-06 06:33:24 PDT	250
2017-05-06 06:33:40 PDT	251
2017-05-06 06:33:43 PDT	252
2017-05-06 06:33:45 PDT	253
2017-05-06 06:33:48 PDT	254
2017-05-06 06:33:51 PDT	255
2017-05-06 06:33:53 PDT	256
2017-05-06 06:33:57 PDT	257
2017-05-06 06:36:39 PDT	258
2017-05-06 06:36:42 PDT	259
2017-05-06 06:36:47 PDT	260
2017-05-06 06:36:50 PDT	261
2017-05-06 06:36:52 PDT	262
2017-05-06 06:41:20 PDT	263
2017-05-06 06:41:23 PDT	264
2017-05-06 06:41:25 PDT	265
2017-05-06 06:41:29 PDT	266
2017-05-06 06:41:34 PDT	267
2017-05-06 06:54:09 PDT	268
2017-05-06 06:54:10 PDT	269
2017-05-06 06:54:12 PDT	270
2017-05-06 06:54:14 PDT	271
2017-05-06 06:54:16 PDT	272
2017-05-06 06:54:18 PDT	273
2017-05-06 06:54:21 PDT	274
2017-05-06 06:54:48 PDT	275
2017-05-06 06:54:49 PDT	276
2017-05-06 06:54:51 PDT	277
2017-05-06 06:54:55 PDT	278
2017-05-06 06:54:56 PDT	279
2017-05-06 06:54:58 PDT	280
2017-05-06 06:54:59 PDT	281
2017-05-06 06:56:01 PDT	282
2017-05-06 06:56:03 PDT	283
2017-05-06 06:56:04 PDT	284
2017-05-06 06:56:06 PDT	285
2017-05-06 20:09:13 PDT	286
2017-05-06 20:09:16 PDT	287
2017-05-06 20:09:18 PDT	288
2017-05-06 20:09:21 PDT	289
2017-05-06 20:09:24 PDT	290
2017-05-06 20:09:26 PDT	291
2017-05-06 20:14:09 PDT	292
2017-05-06 20:14:10 PDT	293
2017-05-06 20:14:15 PDT	294
2017-05-06 20:14:26 PDT	295
2017-05-06 20:14:40 PDT	296
2017-05-06 20:14:42 PDT	297
2017-05-06 20:14:44 PDT	298
2017-05-06 20:14:46 PDT	299
2017-05-06 20:14:47 PDT	300
2017-05-06 20:14:52 PDT	301
2017-05-06 20:14:53 PDT	302
2017-05-06 20:15:15 PDT	303
2017-05-06 20:16:29 PDT	304
2017-05-06 20:16:32 PDT	305
2017-05-06 20:17:16 PDT	306
2017-05-06 20:17:17 PDT	307
2017-05-06 20:17:18 PDT	308
2017-05-06 20:17:20 PDT	309
2017-05-06 20:17:33 PDT	310
2017-05-06 20:17:38 PDT	311
2017-05-06 20:17:42 PDT	312
2017-05-06 20:17:45 PDT	313
2017-05-06 20:19:02 PDT	314
2017-05-06 20:19:05 PDT	315
2017-05-06 20:19:08 PDT	316
2017-05-06 20:19:12 PDT	317
2017-05-06 20:19:16 PDT	318
2017-05-06 20:19:20 PDT	319
2017-05-06 20:20:20 PDT	320
2017-05-06 20:20:21 PDT	321
2017-05-06 20:20:23 PDT	322
2017-05-06 20:20:26 PDT	323
2017-05-06 20:21:18 PDT	324
2017-05-06 20:21:20 PDT	325
2017-05-06 20:21:54 PDT	326
2017-05-06 20:21:56 PDT	327
2017-05-06 20:21:57 PDT	328
2017-05-06 20:21:58 PDT	329
2017-05-06 20:22:00 PDT	330
2017-05-06 20:22:03 PDT	331
2017-05-06 20:22:16 PDT	332
2017-05-06 20:22:17 PDT	333
2017-05-06 20:22:19 PDT	334
2017-05-06 20:22:20 PDT	335
2017-05-06 20:22:21 PDT	336
2017-05-06 20:22:23 PDT	337
2017-05-06 20:22:41 PDT	338
2017-05-06 20:22:42 PDT	339
2017-05-06 20:22:45 PDT	340
2017-05-06 20:22:46 PDT	341
2017-05-06 20:22:47 PDT	342
2017-05-06 20:22:49 PDT	343
2017-05-06 20:22:51 PDT	344
2017-05-06 20:23:21 PDT	345
2017-05-06 20:23:23 PDT	346
2017-05-06 20:23:24 PDT	347
2017-05-06 20:23:26 PDT	348
2017-05-06 20:23:27 PDT	349
2017-05-06 20:23:29 PDT	350
2017-05-06 20:23:35 PDT	351
2017-05-06 20:24:22 PDT	352
2017-05-06 20:24:25 PDT	353
2017-05-06 20:24:28 PDT	354
2017-05-06 20:24:30 PDT	355
2017-05-06 20:24:32 PDT	356
2017-05-06 20:24:36 PDT	357
2017-05-06 20:24:39 PDT	358
2017-05-06 20:24:44 PDT	359
2017-05-06 20:25:28 PDT	360
2017-05-06 20:25:29 PDT	361
2017-05-06 20:25:30 PDT	362
2017-05-06 20:25:32 PDT	363
2017-05-06 20:25:34 PDT	364
2017-05-06 20:25:41 PDT	365
2017-05-06 20:25:45 PDT	366
2017-05-06 20:25:47 PDT	367
2017-05-06 20:27:18 PDT	368
2017-05-06 20:27:21 PDT	369
2017-05-06 20:27:24 PDT	370
2017-05-06 20:27:36 PDT	371
2017-05-06 20:27:39 PDT	372
2017-05-06 20:27:44 PDT	373
2017-05-06 20:28:11 PDT	374
2017-05-06 20:28:15 PDT	375
2017-05-06 20:28:16 PDT	376
2017-05-06 20:28:18 PDT	377
2017-05-06 20:28:19 PDT	378
2017-05-06 20:28:20 PDT	379
2017-05-06 20:28:24 PDT	380
2017-05-06 20:28:27 PDT	381
2017-05-06 20:28:36 PDT	379
2017-05-06 20:29:08 PDT	374
2017-05-06 20:29:15 PDT	375
2017-05-06 20:29:18 PDT	377
2017-05-06 20:29:43 PDT	382
2017-05-06 20:29:45 PDT	383
2017-05-06 20:29:48 PDT	384
2017-05-06 20:29:50 PDT	385
2017-05-06 20:29:54 PDT	386
2017-05-06 20:29:55 PDT	387
2017-05-06 20:29:57 PDT	388
2017-05-06 20:29:58 PDT	389
2017-05-06 20:32:20 PDT	390
2017-05-06 20:32:21 PDT	391
2017-05-06 20:32:24 PDT	392
2017-05-06 20:32:25 PDT	393
2017-05-06 20:32:28 PDT	394
2017-05-06 20:32:30 PDT	395
2017-05-06 20:32:32 PDT	396
2017-05-06 20:32:34 PDT	397
2017-05-06 20:32:57 PDT	398
2017-05-06 20:32:59 PDT	399
2017-05-06 20:33:00 PDT	400
2017-05-06 20:33:03 PDT	401
2017-05-06 20:33:06 PDT	402
2017-05-06 20:33:07 PDT	403
2017-05-06 20:33:08 PDT	404
2017-05-06 20:33:12 PDT	405
2017-05-06 20:33:51 PDT	406
2017-05-06 20:33:53 PDT	407
2017-05-06 20:33:57 PDT	408
2017-05-06 20:34:01 PDT	409
2017-05-06 20:34:03 PDT	410
2017-05-06 20:34:05 PDT	411
2017-05-06 20:34:07 PDT	412
2017-05-06 20:34:38 PDT	394
2017-05-06 20:34:40 PDT	391
2017-05-06 20:34:41 PDT	395
2017-05-06 20:34:43 PDT	396
2017-05-06 20:34:45 PDT	397
2017-05-06 20:36:09 PDT	413
2017-05-06 20:36:11 PDT	414
2017-05-06 20:36:14 PDT	415
2017-05-06 20:36:15 PDT	416
2017-05-06 20:36:17 PDT	417
2017-05-06 20:36:21 PDT	418
2017-05-06 20:36:22 PDT	419
2017-05-06 20:36:24 PDT	420
2017-05-06 20:37:16 PDT	421
2017-05-06 20:37:23 PDT	422
2017-05-06 20:37:24 PDT	423
2017-05-06 20:37:25 PDT	424
2017-05-06 20:37:28 PDT	425
2017-05-06 20:37:30 PDT	426
2017-05-06 20:37:32 PDT	427
2017-05-06 20:37:34 PDT	428
2017-05-06 20:38:02 PDT	429
2017-05-06 20:38:03 PDT	430
2017-05-06 20:38:05 PDT	431
2017-05-06 20:38:06 PDT	432
2017-05-06 20:38:08 PDT	433
2017-05-06 20:38:09 PDT	434
2017-05-06 20:38:10 PDT	435
2017-05-06 20:38:12 PDT	436
2017-05-06 20:39:02 PDT	437
2017-05-06 20:39:05 PDT	438
2017-05-06 20:39:09 PDT	439
2017-05-06 20:39:10 PDT	440
2017-05-06 20:39:13 PDT	441
2017-05-06 20:39:16 PDT	442
2017-05-06 20:39:18 PDT	443
2017-05-06 20:41:59 PDT	444
2017-05-06 20:42:01 PDT	445
2017-05-06 20:42:02 PDT	446
2017-05-06 20:42:04 PDT	447
2017-05-06 20:42:05 PDT	448
2017-05-06 20:42:07 PDT	449
2017-05-06 20:42:08 PDT	450
2017-05-06 20:42:15 PDT	451
2017-05-06 20:43:29 PDT	452
2017-05-06 20:43:31 PDT	453
2017-05-06 20:43:34 PDT	454
2017-05-06 20:43:37 PDT	455
2017-05-06 20:43:40 PDT	456
2017-05-06 20:43:41 PDT	457
2017-05-06 20:43:42 PDT	458
2017-05-06 20:45:57 PDT	459
2017-05-06 20:45:59 PDT	460
2017-05-06 20:46:01 PDT	461
2017-05-06 20:46:02 PDT	462
2017-05-06 20:46:04 PDT	463
2017-05-06 20:46:05 PDT	464
2017-05-06 20:46:07 PDT	465
2017-05-06 20:46:08 PDT	466
2017-05-06 20:46:19 PDT	467
2017-05-06 20:46:36 PDT	468
2017-05-06 20:46:37 PDT	469
2017-05-06 20:46:39 PDT	470
2017-05-06 20:46:41 PDT	471
2017-05-06 20:46:42 PDT	472
2017-05-06 20:46:43 PDT	473
2017-05-06 20:47:59 PDT	474
2017-05-06 20:48:00 PDT	475
2017-05-06 20:48:02 PDT	476
2017-05-06 20:48:03 PDT	477
2017-05-06 20:48:05 PDT	478
2017-05-06 20:48:07 PDT	479
2017-05-06 20:48:08 PDT	480
2017-05-06 20:48:15 PDT	481
2017-05-06 20:48:33 PDT	482
2017-05-06 20:48:35 PDT	483
2017-05-06 20:48:37 PDT	484
2017-05-06 20:48:38 PDT	485
2017-05-06 20:48:40 PDT	486
2017-05-06 20:48:42 PDT	487
2017-05-06 20:48:45 PDT	488
2017-05-06 20:48:48 PDT	489
2017-05-06 20:52:27 PDT	429
2017-05-06 20:52:33 PDT	430
2017-05-06 20:52:36 PDT	432
2017-05-06 20:52:42 PDT	436
2017-05-06 20:53:07 PDT	435
2017-05-06 20:54:45 PDT	411
2017-05-06 20:54:47 PDT	412
2017-05-06 20:54:48 PDT	410
2017-05-06 20:54:50 PDT	409
2017-05-06 20:54:51 PDT	490
2017-05-06 20:54:53 PDT	408
2017-05-06 20:54:54 PDT	406
2017-05-06 20:57:22 PDT	491
2017-05-06 20:57:24 PDT	492
2017-05-06 20:57:25 PDT	493
2017-05-06 20:57:27 PDT	494
2017-05-06 20:57:28 PDT	495
2017-05-06 20:57:30 PDT	496
2017-05-06 20:57:31 PDT	497
2017-05-06 20:57:32 PDT	498
2017-05-06 20:57:59 PDT	499
2017-05-06 20:58:01 PDT	500
2017-05-06 20:58:03 PDT	501
2017-05-06 20:58:05 PDT	502
2017-05-06 20:58:06 PDT	503
2017-05-06 20:58:07 PDT	504
2017-05-06 20:58:09 PDT	505
2017-05-06 20:58:10 PDT	506
2017-05-06 21:33:38 PDT	440
2017-05-06 21:33:40 PDT	439
2017-05-06 21:33:41 PDT	442
2017-05-06 21:33:42 PDT	437
2017-05-06 21:33:44 PDT	507
2017-05-06 21:33:45 PDT	438
2017-05-06 21:33:47 PDT	443
2017-05-06 21:33:48 PDT	441
2017-05-06 21:35:56 PDT	426
2017-05-06 21:36:25 PDT	412
2017-05-06 21:36:29 PDT	508
2017-05-06 21:36:33 PDT	419
2017-05-06 21:36:51 PDT	509
2017-05-06 21:36:58 PDT	391
2017-05-06 21:37:06 PDT	510
2017-05-06 21:37:12 PDT	511
2017-05-06 21:38:11 PDT	512
2017-05-06 21:38:30 PDT	513
2017-05-06 21:38:35 PDT	514
2017-05-06 21:39:01 PDT	515
2017-05-06 21:39:07 PDT	516
2017-05-06 21:40:06 PDT	517
2017-05-06 21:40:23 PDT	518
2017-05-06 21:40:29 PDT	519
2017-05-06 21:41:32 PDT	520
2017-05-06 21:41:58 PDT	521
2017-05-06 21:44:46 PDT	522
2017-05-06 21:46:54 PDT	362
2017-05-06 21:47:00 PDT	358
2017-05-06 21:47:09 PDT	348
2017-05-06 21:47:43 PDT	523
2017-05-06 21:52:24 PDT	524
2017-05-06 21:52:29 PDT	525
2017-05-06 21:52:33 PDT	325
2017-05-06 21:52:41 PDT	526
2017-05-06 21:54:01 PDT	293
2017-05-06 21:54:10 PDT	311
2017-05-06 21:54:27 PDT	527
2017-05-06 21:55:51 PDT	297
2017-05-06 21:57:33 PDT	528
2017-05-06 21:57:39 PDT	529
2017-05-06 21:57:46 PDT	530
2017-05-06 21:57:51 PDT	531
2017-05-06 21:58:09 PDT	355
2017-05-06 21:59:24 PDT	532
2017-05-06 21:59:29 PDT	363
2017-05-06 22:02:49 PDT	533
2017-05-06 22:02:55 PDT	534
2017-05-06 22:03:03 PDT	535
2017-05-06 22:03:07 PDT	536
2017-05-06 22:03:47 PDT	537
2017-05-06 22:05:23 PDT	538
2017-05-06 22:05:27 PDT	539
2017-05-06 22:05:32 PDT	540
2017-05-06 22:05:34 PDT	541
2017-05-06 22:05:40 PDT	516
2017-05-06 22:07:53 PDT	542
2017-05-06 22:08:06 PDT	517
2017-05-06 22:08:10 PDT	543
2017-05-06 22:31:37 PDT	544
2017-05-06 22:31:43 PDT	510
2017-05-06 22:32:16 PDT	511
2017-05-06 22:32:25 PDT	509
2017-05-06 23:16:04 PDT	545
2017-05-06 23:16:06 PDT	546
2017-05-06 23:16:07 PDT	547
2017-05-06 23:16:09 PDT	548
2017-05-06 23:16:10 PDT	549
2017-05-06 23:16:12 PDT	550
2017-05-06 23:16:15 PDT	551
2017-05-06 23:16:18 PDT	552
2017-05-06 23:17:24 PDT	553
2017-05-06 23:17:25 PDT	554
2017-05-06 23:17:28 PDT	555
2017-05-06 23:17:29 PDT	556
2017-05-06 23:17:31 PDT	557
2017-05-06 23:17:32 PDT	558
2017-05-06 23:17:35 PDT	559
2017-05-06 23:17:36 PDT	560
2017-05-07 01:15:54 PDT	561
2017-05-07 01:15:55 PDT	562
2017-05-07 01:15:57 PDT	563
2017-05-07 01:15:58 PDT	564
2017-05-07 01:16:00 PDT	565
2017-05-07 01:16:01 PDT	566
2017-05-07 01:16:03 PDT	567
2017-05-07 01:16:05 PDT	568
2017-05-12 02:08:33 PDT	569
2017-05-12 02:08:38 PDT	570
2017-05-12 02:08:43 PDT	571
2017-05-12 02:08:49 PDT	572
2017-05-12 02:08:56 PDT	573
2017-05-12 02:09:00 PDT	574
2017-05-12 02:09:02 PDT	575
2017-05-12 02:09:07 PDT	576
2017-05-12 02:11:45 PDT	55
2017-05-12 02:11:49 PDT	577
2017-05-12 02:11:52 PDT	578
2017-05-12 02:11:56 PDT	579
2017-05-12 02:12:00 PDT	580
2017-05-12 02:12:06 PDT	581
2017-05-12 02:12:23 PDT	582
2017-05-12 02:12:26 PDT	583
2017-05-12 02:12:29 PDT	584
2017-05-12 02:12:32 PDT	585
2017-05-12 02:12:38 PDT	586
2017-05-12 02:12:44 PDT	587
2017-05-12 03:50:27 PDT	545
2017-05-12 03:50:36 PDT	546
2017-05-12 03:50:38 PDT	547
2017-05-12 03:50:39 PDT	548
2017-05-12 03:50:41 PDT	549
2017-05-12 03:50:42 PDT	550
2017-05-12 03:50:45 PDT	552
2017-05-12 03:50:47 PDT	551
2017-05-12 03:51:04 PDT	560
2017-05-12 03:51:08 PDT	554
2017-05-12 03:51:11 PDT	558
2017-05-12 03:51:17 PDT	559
2017-05-12 04:04:31 PDT	588
2017-05-12 04:05:54 PDT	589
2017-05-12 04:05:55 PDT	590
2017-05-12 04:05:57 PDT	591
2017-05-12 04:05:58 PDT	592
2017-05-12 04:05:59 PDT	593
2017-05-12 04:06:01 PDT	594
2017-05-12 04:06:03 PDT	595
2017-05-12 04:06:05 PDT	596
2017-05-12 04:09:04 PDT	597
2017-05-12 04:09:05 PDT	598
2017-05-12 04:09:07 PDT	599
2017-05-12 04:09:09 PDT	600
2017-05-12 04:09:10 PDT	601
2017-05-12 04:09:12 PDT	602
2017-05-12 04:09:14 PDT	603
2017-05-12 04:09:16 PDT	604
2017-05-12 04:12:02 PDT	605
2017-05-12 04:12:04 PDT	606
2017-05-12 04:12:07 PDT	607
2017-05-12 04:12:08 PDT	608
2017-05-12 04:12:10 PDT	609
2017-05-12 04:12:12 PDT	31
2017-05-12 04:12:14 PDT	610
2017-05-12 04:12:15 PDT	611
2017-05-12 04:12:49 PDT	612
2017-05-12 04:12:50 PDT	613
2017-05-12 04:12:52 PDT	614
2017-05-12 04:12:54 PDT	615
2017-05-12 04:12:55 PDT	616
2017-05-12 04:12:57 PDT	617
2017-05-12 04:12:59 PDT	618
2017-05-12 04:13:00 PDT	619
2017-05-12 04:15:22 PDT	620
2017-05-12 04:15:23 PDT	621
2017-05-12 04:15:26 PDT	622
2017-05-12 04:15:28 PDT	623
2017-05-12 04:15:29 PDT	624
2017-05-12 04:15:31 PDT	625
2017-05-12 04:15:33 PDT	626
2017-05-12 04:15:34 PDT	627
2017-05-12 04:15:58 PDT	628
2017-05-12 04:16:00 PDT	629
2017-05-12 04:16:01 PDT	630
2017-05-12 04:16:03 PDT	631
2017-05-12 04:16:05 PDT	632
2017-05-12 04:16:06 PDT	633
2017-05-12 04:16:08 PDT	634
2017-05-12 04:16:09 PDT	635
2017-05-13 03:10:52 PDT	11
2017-05-13 03:10:54 PDT	12
2017-05-13 03:10:56 PDT	9
2017-05-13 03:10:58 PDT	16
2017-05-13 03:10:59 PDT	14
2017-05-13 03:11:01 PDT	13
2017-05-13 03:11:03 PDT	10
2017-05-13 03:11:04 PDT	15
2017-05-13 03:14:44 PDT	17
2017-05-13 03:14:45 PDT	18
2017-05-13 03:14:47 PDT	20
2017-05-13 03:15:07 PDT	19
2017-05-13 03:15:10 PDT	23
2017-05-13 03:15:12 PDT	24
2017-05-13 03:15:16 PDT	22
2017-05-13 04:37:27 PDT	636
2017-05-13 04:37:29 PDT	637
2017-05-13 04:37:31 PDT	638
2017-05-13 04:37:32 PDT	639
2017-05-13 04:37:34 PDT	640
2017-05-13 04:37:37 PDT	641
2017-05-13 04:37:38 PDT	642
2017-05-13 04:37:40 PDT	643
2017-05-13 04:37:47 PDT	644
2017-05-13 04:37:49 PDT	645
2017-05-13 04:37:51 PDT	646
2017-05-13 04:37:52 PDT	647
2017-05-13 04:37:54 PDT	648
2017-05-13 04:37:56 PDT	649
2017-05-13 04:38:00 PDT	650
2017-05-13 04:38:02 PDT	651
2017-05-13 04:38:28 PDT	652
2017-05-13 04:38:30 PDT	653
2017-05-13 04:38:31 PDT	654
2017-05-13 04:38:33 PDT	655
2017-05-13 04:38:34 PDT	656
2017-05-13 04:38:53 PDT	657
2017-05-13 04:38:58 PDT	658
2017-05-13 04:38:59 PDT	659
2017-05-13 04:39:05 PDT	660
2017-05-13 04:39:07 PDT	661
2017-05-13 04:42:22 PDT	662
2017-05-13 04:42:28 PDT	663
2017-05-13 04:42:38 PDT	664
2017-05-13 04:42:57 PDT	665
2017-05-13 04:45:35 PDT	666
2017-05-13 05:30:09 PDT	667
2017-05-13 05:30:16 PDT	668
2017-05-13 05:30:22 PDT	669
2017-05-13 05:30:59 PDT	670
2017-05-13 06:07:44 PDT	671
2017-05-13 06:07:47 PDT	672
2017-05-13 06:07:56 PDT	673
2017-05-13 06:07:57 PDT	674
2017-05-13 06:08:18 PDT	675
2017-05-13 06:08:19 PDT	676
2017-05-13 06:08:27 PDT	669
2017-05-13 06:08:28 PDT	677
2017-05-13 06:11:10 PDT	670
2017-05-13 06:11:15 PDT	678
2017-05-13 06:11:21 PDT	679
2017-05-13 06:11:25 PDT	680
2017-05-13 06:11:30 PDT	669
2017-05-13 06:16:58 PDT	681
2017-05-13 06:25:01 PDT	682
2017-05-13 06:25:06 PDT	683
2017-05-13 06:25:11 PDT	684
2017-05-13 06:25:13 PDT	685
2017-05-13 06:25:16 PDT	686
2017-05-13 06:25:18 PDT	687
2017-05-13 06:26:04 PDT	688
2017-05-13 06:26:10 PDT	689
2017-05-13 06:26:13 PDT	690
2017-05-13 06:26:15 PDT	691
2017-05-13 06:26:16 PDT	692
2017-05-13 06:26:18 PDT	693
2017-05-13 06:26:22 PDT	694
2017-05-13 06:26:25 PDT	695
2017-05-13 06:27:03 PDT	696
2017-05-13 06:27:05 PDT	697
2017-05-13 06:27:07 PDT	698
2017-05-13 06:27:08 PDT	699
2017-05-13 06:27:10 PDT	700
2017-05-13 06:27:11 PDT	701
2017-05-13 06:27:13 PDT	702
2017-05-13 23:06:59 PDT	703
2017-05-13 23:07:01 PDT	704
2017-05-13 23:07:02 PDT	705
2017-05-13 23:07:05 PDT	706
2017-05-13 23:07:06 PDT	707
2017-05-13 23:07:08 PDT	708
2017-05-13 23:08:54 PDT	709
2017-05-13 23:08:56 PDT	710
2017-05-13 23:08:57 PDT	711
2017-05-13 23:08:59 PDT	712
2017-05-13 23:13:36 PDT	552
2017-05-13 23:13:39 PDT	551
2017-05-13 23:13:42 PDT	548
2017-05-13 23:13:46 PDT	547
2017-05-13 23:13:49 PDT	546
2017-05-13 23:15:30 PDT	551
2017-05-13 23:15:31 PDT	548
2017-05-13 23:15:33 PDT	546
2017-05-13 23:15:35 PDT	552
2017-05-13 23:15:38 PDT	550
2017-05-13 23:15:39 PDT	545
2017-05-13 23:15:42 PDT	550
2017-05-13 23:15:44 PDT	551
2017-05-13 23:15:46 PDT	552
2017-05-13 23:15:48 PDT	550
2017-05-13 23:15:50 PDT	549
2017-05-13 23:15:52 PDT	547
2017-05-13 23:16:07 PDT	552
2017-05-13 23:16:08 PDT	550
2017-05-13 23:19:48 PDT	713
2017-05-13 23:19:52 PDT	714
2017-05-13 23:19:56 PDT	715
2017-05-13 23:19:58 PDT	716
2017-05-13 23:19:59 PDT	717
2017-05-13 23:20:04 PDT	718
2017-05-13 23:20:07 PDT	719
2017-05-14 01:50:33 PDT	573
2017-05-14 01:50:36 PDT	571
2017-05-14 01:50:38 PDT	575
2017-05-14 01:50:40 PDT	574
2017-05-14 01:50:41 PDT	570
2017-05-14 01:50:43 PDT	572
2017-05-14 01:50:45 PDT	576
2017-05-14 01:50:47 PDT	569
2017-05-14 01:52:18 PDT	720
2017-05-14 01:52:19 PDT	721
2017-05-14 01:52:21 PDT	722
2017-05-14 01:52:23 PDT	723
2017-05-14 01:52:24 PDT	724
2017-05-14 01:52:25 PDT	725
2017-05-14 01:52:27 PDT	726
2017-05-14 01:52:30 PDT	727
2017-05-19 00:43:56 PDT	728
2017-05-19 00:43:58 PDT	729
2017-05-19 00:44:01 PDT	730
2017-05-19 00:44:51 PDT	731
2017-05-19 00:44:54 PDT	732
2017-05-19 00:44:56 PDT	733
2017-05-19 00:44:59 PDT	734
2017-05-19 00:46:11 PDT	735
2017-05-19 00:46:14 PDT	736
2017-05-19 00:46:16 PDT	737
2017-05-19 00:46:23 PDT	738
2017-05-19 00:46:26 PDT	739
2017-05-19 00:46:30 PDT	740
2017-05-19 03:49:12 PDT	552
2017-05-19 03:49:43 PDT	560
2017-05-19 03:56:55 PDT	741
2017-05-19 03:56:57 PDT	25
2017-05-19 03:56:59 PDT	742
2017-05-19 03:57:00 PDT	743
2017-05-19 03:58:48 PDT	33
2017-05-19 04:00:06 PDT	744
2017-05-19 04:01:24 PDT	591
2017-05-19 04:01:26 PDT	589
2017-05-19 04:01:28 PDT	593
2017-05-19 04:01:29 PDT	590
2017-05-19 04:01:31 PDT	595
2017-05-19 04:01:33 PDT	592
2017-05-19 04:01:35 PDT	596
2017-05-19 04:01:39 PDT	594
2017-05-19 20:45:27 PDT	745
2017-05-19 20:45:29 PDT	746
2017-05-19 20:45:32 PDT	747
2017-05-19 20:45:34 PDT	748
2017-05-19 20:45:36 PDT	749
2017-05-19 20:46:23 PDT	750
2017-05-19 20:46:25 PDT	751
2017-05-19 20:46:29 PDT	752
2017-05-19 20:46:31 PDT	753
2017-05-19 20:46:34 PDT	754
2017-05-19 20:46:35 PDT	755
2017-05-19 20:46:55 PDT	756
2017-05-19 20:46:57 PDT	757
2017-05-19 20:48:36 PDT	758
2017-05-19 20:48:38 PDT	759
2017-05-19 20:48:39 PDT	760
2017-05-19 20:48:42 PDT	761
2017-05-19 20:48:44 PDT	762
2017-05-19 20:48:46 PDT	763
2017-05-19 20:49:03 PDT	764
2017-05-19 20:49:05 PDT	765
2017-05-19 20:49:23 PDT	766
2017-05-19 20:49:31 PDT	767
2017-05-19 20:49:33 PDT	768
2017-05-19 20:49:35 PDT	769
2017-05-19 20:51:07 PDT	770
2017-05-19 20:52:10 PDT	771
2017-05-19 20:52:13 PDT	772
2017-05-19 20:52:16 PDT	773
2017-05-19 20:52:17 PDT	774
2017-05-19 20:52:20 PDT	775
2017-05-19 20:52:24 PDT	776
2017-05-19 21:03:57 PDT	777
2017-05-19 22:24:40 PDT	778
2017-05-19 22:24:41 PDT	779
2017-05-19 22:24:44 PDT	780
2017-05-19 22:24:46 PDT	781
2017-05-19 22:24:49 PDT	782
2017-05-19 22:24:52 PDT	783
2017-05-19 22:25:09 PDT	784
2017-05-19 22:25:11 PDT	785
2017-05-19 22:55:23 PDT	786
2017-05-19 22:55:24 PDT	787
2017-05-19 22:55:26 PDT	788
2017-05-19 22:55:29 PDT	789
2017-05-19 22:55:30 PDT	790
2017-05-19 22:55:33 PDT	791
2017-05-19 22:56:43 PDT	792
2017-05-19 22:56:45 PDT	793
2017-05-19 23:21:05 PDT	794
2017-05-19 23:21:07 PDT	795
2017-05-19 23:21:11 PDT	796
2017-05-19 23:21:14 PDT	797
2017-05-19 23:21:16 PDT	798
2017-05-19 23:21:17 PDT	799
2017-05-19 23:21:19 PDT	800
2017-05-19 23:21:21 PDT	801
2017-05-19 23:21:52 PDT	802
2017-05-19 23:21:54 PDT	803
2017-05-19 23:21:56 PDT	804
2017-05-19 23:21:57 PDT	805
2017-05-19 23:22:00 PDT	806
2017-05-19 23:22:01 PDT	807
2017-05-19 23:22:03 PDT	808
2017-05-19 23:22:05 PDT	809
2017-05-19 23:28:09 PDT	810
2017-05-19 23:28:21 PDT	811
2017-05-19 23:28:24 PDT	812
2017-05-19 23:28:27 PDT	813
2017-05-19 23:28:30 PDT	814
2017-05-19 23:28:34 PDT	815
2017-05-19 23:32:26 PDT	816
2017-05-19 23:32:28 PDT	817
2017-05-19 23:32:32 PDT	818
2017-05-19 23:32:34 PDT	819
2017-05-19 23:32:37 PDT	820
2017-05-19 23:33:19 PDT	821
2017-05-19 23:33:21 PDT	822
2017-05-19 23:33:22 PDT	823
2017-05-19 23:34:59 PDT	824
2017-05-19 23:35:01 PDT	825
2017-05-19 23:35:06 PDT	826
2017-05-19 23:35:09 PDT	827
2017-05-19 23:35:13 PDT	828
2017-05-19 23:35:33 PDT	829
2017-05-19 23:35:52 PDT	830
2017-05-19 23:36:05 PDT	831
2017-05-19 23:36:13 PDT	832
2017-05-19 23:36:15 PDT	833
2017-05-19 23:36:16 PDT	834
2017-05-19 23:36:37 PDT	835
2017-05-19 23:36:56 PDT	836
2017-05-19 23:36:58 PDT	837
2017-05-19 23:37:00 PDT	838
2017-05-19 23:37:02 PDT	839
2017-05-19 23:39:40 PDT	840
2017-05-19 23:39:42 PDT	841
2017-05-19 23:39:43 PDT	842
2017-05-19 23:39:45 PDT	843
2017-05-19 23:39:48 PDT	844
2017-05-19 23:40:27 PDT	845
2017-05-19 23:40:29 PDT	846
2017-05-19 23:40:31 PDT	847
2017-05-19 23:40:33 PDT	848
2017-05-19 23:40:36 PDT	849
2017-05-19 23:40:37 PDT	850
2017-05-19 23:40:39 PDT	851
2017-05-19 23:40:41 PDT	852
2017-05-19 23:40:59 PDT	853
2017-05-19 23:41:01 PDT	854
2017-05-19 23:41:02 PDT	855
2017-05-19 23:42:02 PDT	645
2017-05-19 23:42:04 PDT	647
2017-05-19 23:42:05 PDT	644
2017-05-19 23:42:09 PDT	650
2017-05-19 23:42:11 PDT	646
2017-05-19 23:42:12 PDT	651
2017-05-19 23:42:15 PDT	648
2017-05-19 23:42:18 PDT	649
2017-05-19 23:42:39 PDT	856
2017-05-19 23:42:40 PDT	857
2017-05-19 23:42:44 PDT	858
2017-05-19 23:42:45 PDT	859
2017-05-19 23:42:47 PDT	860
2017-05-19 23:42:49 PDT	861
2017-05-19 23:42:51 PDT	862
2017-05-19 23:42:53 PDT	863
2017-05-19 23:45:35 PDT	639
2017-05-19 23:45:37 PDT	637
2017-05-19 23:45:39 PDT	641
2017-05-19 23:45:41 PDT	643
2017-05-19 23:45:43 PDT	636
2017-05-19 23:45:46 PDT	642
2017-05-19 23:45:49 PDT	638
2017-05-19 23:45:51 PDT	640
2017-05-19 23:46:07 PDT	653
2017-05-19 23:46:15 PDT	654
2017-05-19 23:46:18 PDT	652
2017-05-19 23:46:19 PDT	655
2017-05-19 23:46:21 PDT	864
2017-05-19 23:46:24 PDT	656
2017-05-19 23:46:26 PDT	865
2017-05-19 23:46:28 PDT	866
2017-05-19 23:46:46 PDT	867
2017-05-19 23:46:48 PDT	868
2017-05-19 23:46:52 PDT	869
2017-05-19 23:46:54 PDT	870
2017-05-19 23:47:00 PDT	871
2017-05-19 23:47:16 PDT	872
2017-05-19 23:47:18 PDT	873
2017-05-19 23:47:20 PDT	874
2017-05-19 23:54:54 PDT	875
2017-05-19 23:54:56 PDT	876
2017-05-19 23:54:58 PDT	877
2017-05-19 23:55:00 PDT	878
2017-05-19 23:55:02 PDT	879
2017-05-19 23:55:10 PDT	880
2017-05-19 23:55:12 PDT	881
2017-05-19 23:55:13 PDT	882
2017-05-19 23:55:31 PDT	883
2017-05-19 23:55:32 PDT	658
2017-05-19 23:55:34 PDT	657
2017-05-19 23:55:35 PDT	659
2017-05-19 23:55:37 PDT	884
2017-05-19 23:55:39 PDT	885
2017-05-19 23:55:42 PDT	886
2017-05-19 23:55:44 PDT	887
2017-05-19 23:57:09 PDT	888
2017-05-19 23:57:11 PDT	889
2017-05-19 23:57:12 PDT	890
2017-05-19 23:57:14 PDT	891
2017-05-19 23:57:17 PDT	660
2017-05-19 23:57:18 PDT	892
2017-05-19 23:57:20 PDT	661
2017-05-19 23:57:21 PDT	893
2017-05-20 00:10:47 PDT	2
2017-05-20 00:10:49 PDT	6
2017-05-20 00:10:50 PDT	8
2017-05-20 00:10:52 PDT	3
2017-05-20 00:10:55 PDT	4
2017-05-20 00:10:57 PDT	5
2017-05-20 00:10:58 PDT	7
2017-05-20 00:11:00 PDT	1
2017-05-20 01:28:40 PDT	894
2017-05-20 01:31:54 PDT	895
2017-05-20 01:31:57 PDT	896
2017-05-20 01:32:27 PDT	897
2017-05-20 01:32:29 PDT	898
2017-05-20 01:32:31 PDT	899
2017-05-20 01:32:32 PDT	900
2017-05-20 01:32:35 PDT	901
2017-05-20 01:32:45 PDT	902
2017-05-20 01:32:46 PDT	903
2017-05-20 01:32:48 PDT	904
2017-05-20 01:40:49 PDT	905
2017-05-20 01:40:54 PDT	906
2017-05-20 01:40:56 PDT	907
2017-05-20 01:41:02 PDT	908
2017-05-20 01:41:09 PDT	909
2017-05-20 01:41:11 PDT	910
2017-05-20 01:41:13 PDT	911
2017-05-20 01:41:14 PDT	912
2017-05-20 01:42:20 PDT	913
2017-05-20 01:42:47 PDT	914
2017-05-20 01:42:49 PDT	915
2017-05-20 01:42:52 PDT	916
2017-05-20 01:42:54 PDT	917
2017-05-20 05:18:02 PDT	918
2017-05-20 05:18:21 PDT	919
2017-05-20 05:18:23 PDT	920
2017-05-20 05:18:25 PDT	921
2017-05-20 05:18:34 PDT	922
2017-05-20 05:18:36 PDT	923
2017-05-20 05:18:40 PDT	924
2017-05-20 05:21:51 PDT	925
2017-05-20 05:21:52 PDT	926
2017-05-20 05:21:54 PDT	927
2017-05-20 05:21:56 PDT	928
2017-05-20 05:21:57 PDT	929
2017-05-20 05:22:53 PDT	930
2017-05-20 05:22:54 PDT	931
2017-05-20 05:22:57 PDT	932
2017-05-20 05:22:58 PDT	933
2017-05-20 16:51:22 PDT	934
2017-05-20 16:51:24 PDT	935
2017-05-20 16:51:33 PDT	936
2017-05-20 16:54:47 PDT	937
2017-05-20 16:54:50 PDT	938
2017-05-20 16:54:54 PDT	939
2017-05-20 23:27:29 PDT	940
2017-05-20 23:27:34 PDT	941
2017-05-20 23:28:16 PDT	942
2017-05-20 23:28:18 PDT	943
2017-05-20 23:28:37 PDT	944
2017-05-20 23:28:40 PDT	945
2017-05-20 23:28:44 PDT	946
2017-05-20 23:28:49 PDT	947
2017-05-20 23:29:03 PDT	948
2017-05-20 23:29:05 PDT	949
2017-05-20 23:29:37 PDT	950
2017-05-20 23:29:41 PDT	951
2017-05-20 23:29:44 PDT	952
2017-05-20 23:29:51 PDT	953
2017-05-20 23:29:54 PDT	954
2017-05-20 23:29:57 PDT	955
2017-05-20 23:32:28 PDT	956
2017-05-20 23:32:32 PDT	957
2017-05-20 23:32:36 PDT	958
2017-05-20 23:32:41 PDT	959
2017-05-20 23:32:45 PDT	960
2017-05-20 23:32:48 PDT	961
2017-05-20 23:32:50 PDT	962
2017-05-20 23:32:55 PDT	963
2017-05-20 23:34:25 PDT	964
2017-05-20 23:34:29 PDT	965
2017-05-20 23:35:07 PDT	966
2017-05-20 23:35:11 PDT	967
2017-05-20 23:35:15 PDT	968
2017-05-20 23:35:19 PDT	969
2017-05-20 23:35:22 PDT	970
2017-05-20 23:35:26 PDT	971
2017-05-20 23:36:50 PDT	972
2017-05-20 23:36:59 PDT	973
2017-05-20 23:37:02 PDT	974
2017-05-20 23:37:06 PDT	975
2017-05-20 23:37:08 PDT	976
2017-05-20 23:38:27 PDT	977
2017-05-20 23:38:33 PDT	978
2017-05-20 23:38:37 PDT	979
2017-05-20 23:40:13 PDT	980
2017-05-20 23:40:17 PDT	981
2017-05-20 23:40:24 PDT	982
2017-05-20 23:40:28 PDT	983
2017-05-20 23:40:30 PDT	984
2017-05-20 23:40:34 PDT	985
2017-05-20 23:40:36 PDT	986
2017-05-20 23:40:39 PDT	987
2017-05-20 23:42:51 PDT	988
2017-05-20 23:42:55 PDT	989
2017-05-20 23:42:59 PDT	990
2017-05-20 23:43:02 PDT	991
2017-05-20 23:43:34 PDT	992
2017-05-20 23:43:37 PDT	993
2017-05-20 23:43:40 PDT	994
2017-05-20 23:43:43 PDT	995
2017-05-20 23:44:37 PDT	996
2017-05-20 23:44:40 PDT	997
2017-05-20 23:44:47 PDT	998
2017-05-20 23:44:50 PDT	999
2017-05-20 23:45:19 PDT	1000
2017-05-20 23:45:23 PDT	1001
2017-05-20 23:45:26 PDT	1002
2017-05-20 23:45:34 PDT	1003
2017-05-20 23:47:02 PDT	1004
2017-05-20 23:47:05 PDT	1005
2017-05-20 23:47:08 PDT	1006
2017-05-20 23:47:12 PDT	1007
2017-05-20 23:47:14 PDT	1008
2017-05-20 23:47:18 PDT	1009
2017-05-20 23:47:20 PDT	1010
2017-05-20 23:47:24 PDT	1011
2017-05-20 23:48:54 PDT	1012
2017-05-20 23:48:57 PDT	1013
2017-05-20 23:49:03 PDT	1014
2017-05-20 23:49:09 PDT	1015
2017-05-20 23:49:13 PDT	1016
2017-05-20 23:49:17 PDT	1017
2017-05-20 23:49:19 PDT	1018
2017-05-20 23:49:22 PDT	1019
2017-05-20 23:50:48 PDT	1020
2017-05-20 23:50:50 PDT	1021
2017-05-20 23:51:23 PDT	1022
2017-05-20 23:51:26 PDT	1023
2017-05-20 23:51:29 PDT	1024
2017-05-20 23:51:33 PDT	1025
2017-05-20 23:51:40 PDT	1026
2017-05-20 23:51:44 PDT	1027
2017-05-20 23:53:28 PDT	1028
2017-05-20 23:53:36 PDT	1029
2017-05-20 23:53:39 PDT	1030
2017-05-20 23:53:49 PDT	1031
2017-05-20 23:53:53 PDT	1032
2017-05-20 23:53:57 PDT	1033
2017-05-20 23:54:02 PDT	1034
2017-05-20 23:54:50 PDT	1035
2017-05-20 23:55:56 PDT	1036
2017-05-20 23:56:32 PDT	1037
2017-05-20 23:56:38 PDT	1038
2017-05-20 23:56:42 PDT	1039
2017-05-20 23:57:03 PDT	1040
2017-05-20 23:57:08 PDT	1041
2017-05-20 23:57:10 PDT	1042
2017-05-20 23:57:12 PDT	1043
2017-05-20 23:59:18 PDT	1044
2017-05-20 23:59:27 PDT	1045
2017-05-20 23:59:31 PDT	1046
2017-05-20 23:59:52 PDT	1047
2017-05-21 00:04:10 PDT	1048
2017-05-21 00:04:13 PDT	1049
2017-05-21 00:04:15 PDT	1050
2017-05-21 00:04:19 PDT	1051
2017-05-21 00:08:23 PDT	1052
2017-05-21 00:08:25 PDT	1053
2017-05-21 00:08:33 PDT	1054
2017-05-21 00:08:39 PDT	1055
2017-05-21 00:10:43 PDT	1056
2017-05-21 00:10:46 PDT	1057
